"Time of Day","Process Name","PID","Operation","Path","Result","Detail"
"21:35:07.1184846","verclsid.exe","1740","RegQueryValue","HKLM\System\CurrentControlSet\Control\SESSION MANAGER\SafeDllSearchMode","NAME NOT FOUND","Length: 16"
"21:35:07.4026318","Explorer.EXE","2936","CreateFile","C:\Windows\System32\zh-CN\imageres.dll.mui","NAME NOT FOUND","Desired Access: Generic Read, Disposition: Open, Options: , Attributes: n/a, ShareMode: Read, Delete, AllocationSize: n/a"
"21:35:07.4055475","Explorer.EXE","2936","CreateFile","C:\Windows\SysWOW64\zh-CN\imageres.dll.mui","NAME NOT FOUND","Desired Access: Generic Read, Disposition: Open, Options: , Attributes: n/a, ShareMode: Read, Delete, AllocationSize: n/a"
"21:35:07.4170802","Explorer.EXE","2936","CreateFile","C:\Windows\System32\zh-CN\imageres.dll.mui","NAME NOT FOUND","Desired Access: Generic Read, Disposition: Open, Options: , Attributes: n/a, ShareMode: Read, Delete, AllocationSize: n/a"
"21:35:07.4379770","Explorer.EXE","2936","CreateFile","C:\Windows\System32\zh-CN\imageres.dll.mui","NAME NOT FOUND","Desired Access: Generic Read, Disposition: Open, Options: , Attributes: n/a, ShareMode: Read, Delete, AllocationSize: n/a"
"21:35:07.4394769","Explorer.EXE","2936","CreateFile","C:\Windows\System32\rmoc3260.dll","NAME NOT FOUND","Desired Access: Read Attributes, Disposition: Open, Options: Open Reparse Point, Attributes: n/a, ShareMode: Read, Write, Delete, AllocationSize: n/a"
"21:35:07.4470457","Explorer.EXE","2936","CreateFile","C:\Windows\System32\rmoc3260.dll","NAME NOT FOUND","Desired Access: Read Attributes, Disposition: Open, Options: Open Reparse Point, Attributes: n/a, ShareMode: Read, Write, Delete, AllocationSize: n/a"
"21:35:07.4710998","Explorer.EXE","2936","CreateFile","C:\Windows\System32\zh-CN\imageres.dll.mui","NAME NOT FOUND","Desired Access: Generic Read, Disposition: Open, Options: , Attributes: n/a, ShareMode: Read, Delete, AllocationSize: n/a"
"21:35:07.4741846","Explorer.EXE","2936","CreateFile","C:\Windows\System32\rmoc3260.dll","NAME NOT FOUND","Desired Access: Read Attributes, Disposition: Open, Options: Open Reparse Point, Attributes: n/a, ShareMode: Read, Write, Delete, AllocationSize: n/a"
"21:35:07.4859860","Explorer.EXE","2936","RegQueryValue","HKLM\SOFTWARE\Microsoft\Windows\CurrentVersion\Control Panel\don't load\srchadmin.dll","NAME NOT FOUND","Length: 144"
"21:35:07.4867615","Explorer.EXE","2936","RegQueryValue","HKLM\SOFTWARE\Microsoft\Windows\CurrentVersion\Control Panel\don't load\cscui.dll","NAME NOT FOUND","Length: 144"
"21:35:07.4910970","Explorer.EXE","2936","CreateFile","C:\Windows\System32\rmoc3260.dll","NAME NOT FOUND","Desired Access: Read Attributes, Disposition: Open, Options: Open Reparse Point, Attributes: n/a, ShareMode: Read, Write, Delete, AllocationSize: n/a"
"21:35:07.5015242","Explorer.EXE","2936","CreateFile","C:\Windows\System32\rmoc3260.dll","NAME NOT FOUND","Desired Access: Read Attributes, Disposition: Open, Options: Open Reparse Point, Attributes: n/a, ShareMode: Read, Write, Delete, AllocationSize: n/a"
"21:35:07.5092653","Explorer.EXE","2936","CreateFile","C:\Windows\System32\zh-CN\imageres.dll.mui","NAME NOT FOUND","Desired Access: Generic Read, Disposition: Open, Options: , Attributes: n/a, ShareMode: Read, Delete, AllocationSize: n/a"
"21:35:07.5263474","Explorer.EXE","2936","CreateFile","C:\Windows\System32\zh-CN\imageres.dll.mui","NAME NOT FOUND","Desired Access: Generic Read, Disposition: Open, Options: , Attributes: n/a, ShareMode: Read, Delete, AllocationSize: n/a"
"21:35:07.5420176","Explorer.EXE","2936","CreateFile","C:\Windows\System32\zh-CN\imageres.dll.mui","NAME NOT FOUND","Desired Access: Generic Read, Disposition: Open, Options: , Attributes: n/a, ShareMode: Read, Delete, AllocationSize: n/a"
"21:35:07.8759218","wmiprvse.exe","2196","CreateFile","C:\Windows\System32\wbem\wbemcomn.dll","NAME NOT FOUND","Desired Access: Read Attributes, Disposition: Open, Options: Open Reparse Point, Attributes: n/a, ShareMode: Read, Write, Delete, AllocationSize: n/a"
"21:35:07.8777457","wmiprvse.exe","2196","CreateFile","C:\Windows\System32\wbem\NTDSAPI.dll","NAME NOT FOUND","Desired Access: Read Attributes, Disposition: Open, Options: Open Reparse Point, Attributes: n/a, ShareMode: Read, Write, Delete, AllocationSize: n/a"
"21:35:07.8783061","wmiprvse.exe","2196","CreateFile","C:\Windows\System32\wbem\DNSAPI.dll","NAME NOT FOUND","Desired Access: Read Attributes, Disposition: Open, Options: Open Reparse Point, Attributes: n/a, ShareMode: Read, Write, Delete, AllocationSize: n/a"
"21:35:07.8794989","wmiprvse.exe","2196","CreateFile","C:\Windows\System32\wbem\NETAPI32.dll","NAME NOT FOUND","Desired Access: Read Attributes, Disposition: Open, Options: Open Reparse Point, Attributes: n/a, ShareMode: Read, Write, Delete, AllocationSize: n/a"
"21:35:07.8801546","wmiprvse.exe","2196","CreateFile","C:\Windows\System32\wbem\Secur32.dll","NAME NOT FOUND","Desired Access: Read Attributes, Disposition: Open, Options: Open Reparse Point, Attributes: n/a, ShareMode: Read, Write, Delete, AllocationSize: n/a"
"21:35:07.8811634","wmiprvse.exe","2196","CreateFile","C:\Windows\System32\wbem\NCObjAPI.DLL","NAME NOT FOUND","Desired Access: Read Attributes, Disposition: Open, Options: Open Reparse Point, Attributes: n/a, ShareMode: Read, Write, Delete, AllocationSize: n/a"
"21:35:07.8819609","wmiprvse.exe","2196","RegQueryValue","HKLM\System\CurrentControlSet\Control\SESSION MANAGER\SafeDllSearchMode","NAME NOT FOUND","Length: 16"
"21:35:07.9103933","wmiprvse.exe","2196","CreateFile","C:\Windows\System32\wbem\NTMARTA.DLL","NAME NOT FOUND","Desired Access: Read Attributes, Disposition: Open, Options: Open Reparse Point, Attributes: n/a, ShareMode: Read, Write, Delete, AllocationSize: n/a"
"21:35:07.9113802","wmiprvse.exe","2196","CreateFile","C:\Windows\System32\wbem\SAMLIB.dll","NAME NOT FOUND","Desired Access: Read Attributes, Disposition: Open, Options: Open Reparse Point, Attributes: n/a, ShareMode: Read, Write, Delete, AllocationSize: n/a"
"21:35:07.9385352","wmiprvse.exe","2196","CreateFile","C:\Windows\System32\wbem\rsaenh.dll","NAME NOT FOUND","Desired Access: Read Attributes, Disposition: Open, Options: Open Reparse Point, Attributes: n/a, ShareMode: Read, Write, Delete, AllocationSize: n/a"
"21:35:07.9400592","wmiprvse.exe","2196","CreateFile","C:\Windows\System32\wbem\rsaenh.dll","NAME NOT FOUND","Desired Access: Read Attributes, Disposition: Open, Options: Open Reparse Point, Attributes: n/a, ShareMode: Read, Write, Delete, AllocationSize: n/a"
"21:35:07.9407220","wmiprvse.exe","2196","CreateFile","C:\Windows\System32\wbem\crypt32.dll","NAME NOT FOUND","Desired Access: Read Attributes, Disposition: Open, Options: Open Reparse Point, Attributes: n/a, ShareMode: Read, Write, Delete, AllocationSize: n/a"
"21:35:07.9826406","wmiprvse.exe","2196","CreateFile","C:\Windows\System32\wbem\WMI.dll","NAME NOT FOUND","Desired Access: Read Attributes, Disposition: Open, Options: Open Reparse Point, Attributes: n/a, ShareMode: Read, Write, Delete, AllocationSize: n/a"
"21:35:19.0050940","wmiprvse.exe","1908","RegQueryValue","HKLM\SOFTWARE\Microsoft\WINDOWS NT\CURRENTVERSION\drivers.desc\msrle32.dll","NAME NOT FOUND","Length: 144"
"21:35:19.0051149","wmiprvse.exe","1908","RegQueryValue","HKLM\SOFTWARE\Microsoft\WINDOWS NT\CURRENTVERSION\drivers.desc\msvidc32.dll","NAME NOT FOUND","Length: 144"
"21:35:19.0053283","wmiprvse.exe","1908","RegQueryValue","HKLM\SOFTWARE\Microsoft\WINDOWS NT\CURRENTVERSION\drivers.desc\msyuv.dll","NAME NOT FOUND","Length: 144"
"21:35:19.0054534","wmiprvse.exe","1908","RegQueryValue","HKLM\SOFTWARE\Microsoft\WINDOWS NT\CURRENTVERSION\drivers.desc\iyuv_32.dll","NAME NOT FOUND","Length: 144"
"21:35:19.0055019","wmiprvse.exe","1908","RegQueryValue","HKLM\SOFTWARE\Microsoft\WINDOWS NT\CURRENTVERSION\drivers.desc\tsbyuv.dll","NAME NOT FOUND","Length: 144"
"21:35:38.9575138","wmiprvse.exe","1908","RegQueryValue","HKLM\SOFTWARE\Microsoft\WINDOWS NT\CURRENTVERSION\drivers.desc\msrle32.dll","NAME NOT FOUND","Length: 144"
"21:35:38.9582145","wmiprvse.exe","1908","RegQueryValue","HKLM\SOFTWARE\Microsoft\WINDOWS NT\CURRENTVERSION\drivers.desc\msvidc32.dll","NAME NOT FOUND","Length: 144"
"21:35:38.9587259","wmiprvse.exe","1908","RegQueryValue","HKLM\SOFTWARE\Microsoft\WINDOWS NT\CURRENTVERSION\drivers.desc\msyuv.dll","NAME NOT FOUND","Length: 144"
"21:35:38.9587941","wmiprvse.exe","1908","RegQueryValue","HKLM\SOFTWARE\Microsoft\WINDOWS NT\CURRENTVERSION\drivers.desc\iyuv_32.dll","NAME NOT FOUND","Length: 144"
"21:35:38.9588594","wmiprvse.exe","1908","RegQueryValue","HKLM\SOFTWARE\Microsoft\WINDOWS NT\CURRENTVERSION\drivers.desc\tsbyuv.dll","NAME NOT FOUND","Length: 144"
"21:35:58.8978955","wmiprvse.exe","1908","RegQueryValue","HKLM\SOFTWARE\Microsoft\WINDOWS NT\CURRENTVERSION\drivers.desc\msrle32.dll","NAME NOT FOUND","Length: 144"
"21:35:58.8979159","wmiprvse.exe","1908","RegQueryValue","HKLM\SOFTWARE\Microsoft\WINDOWS NT\CURRENTVERSION\drivers.desc\msvidc32.dll","NAME NOT FOUND","Length: 144"
"21:35:58.8980274","wmiprvse.exe","1908","RegQueryValue","HKLM\SOFTWARE\Microsoft\WINDOWS NT\CURRENTVERSION\drivers.desc\msyuv.dll","NAME NOT FOUND","Length: 144"
"21:35:58.8980872","wmiprvse.exe","1908","RegQueryValue","HKLM\SOFTWARE\Microsoft\WINDOWS NT\CURRENTVERSION\drivers.desc\iyuv_32.dll","NAME NOT FOUND","Length: 144"
"21:35:58.8981146","wmiprvse.exe","1908","RegQueryValue","HKLM\SOFTWARE\Microsoft\WINDOWS NT\CURRENTVERSION\drivers.desc\tsbyuv.dll","NAME NOT FOUND","Length: 144"
"21:36:18.9309020","wmiprvse.exe","1908","RegQueryValue","HKLM\SOFTWARE\Microsoft\WINDOWS NT\CURRENTVERSION\drivers.desc\msrle32.dll","NAME NOT FOUND","Length: 144"
"21:36:18.9310177","wmiprvse.exe","1908","RegQueryValue","HKLM\SOFTWARE\Microsoft\WINDOWS NT\CURRENTVERSION\drivers.desc\msvidc32.dll","NAME NOT FOUND","Length: 144"
"21:36:18.9312403","wmiprvse.exe","1908","RegQueryValue","HKLM\SOFTWARE\Microsoft\WINDOWS NT\CURRENTVERSION\drivers.desc\msyuv.dll","NAME NOT FOUND","Length: 144"
"21:36:18.9313014","wmiprvse.exe","1908","RegQueryValue","HKLM\SOFTWARE\Microsoft\WINDOWS NT\CURRENTVERSION\drivers.desc\iyuv_32.dll","NAME NOT FOUND","Length: 144"
"21:36:18.9313498","wmiprvse.exe","1908","RegQueryValue","HKLM\SOFTWARE\Microsoft\WINDOWS NT\CURRENTVERSION\drivers.desc\tsbyuv.dll","NAME NOT FOUND","Length: 144"
"21:36:38.9143182","wmiprvse.exe","1908","RegQueryValue","HKLM\SOFTWARE\Microsoft\WINDOWS NT\CURRENTVERSION\drivers.desc\msrle32.dll","NAME NOT FOUND","Length: 144"
"21:36:38.9143404","wmiprvse.exe","1908","RegQueryValue","HKLM\SOFTWARE\Microsoft\WINDOWS NT\CURRENTVERSION\drivers.desc\msvidc32.dll","NAME NOT FOUND","Length: 144"
"21:36:38.9144641","wmiprvse.exe","1908","RegQueryValue","HKLM\SOFTWARE\Microsoft\WINDOWS NT\CURRENTVERSION\drivers.desc\msyuv.dll","NAME NOT FOUND","Length: 144"
"21:36:38.9145008","wmiprvse.exe","1908","RegQueryValue","HKLM\SOFTWARE\Microsoft\WINDOWS NT\CURRENTVERSION\drivers.desc\iyuv_32.dll","NAME NOT FOUND","Length: 144"
"21:36:38.9145307","wmiprvse.exe","1908","RegQueryValue","HKLM\SOFTWARE\Microsoft\WINDOWS NT\CURRENTVERSION\drivers.desc\tsbyuv.dll","NAME NOT FOUND","Length: 144"
"21:36:58.9253103","wmiprvse.exe","1908","RegQueryValue","HKLM\SOFTWARE\Microsoft\WINDOWS NT\CURRENTVERSION\drivers.desc\msrle32.dll","NAME NOT FOUND","Length: 144"
"21:36:58.9255858","wmiprvse.exe","1908","RegQueryValue","HKLM\SOFTWARE\Microsoft\WINDOWS NT\CURRENTVERSION\drivers.desc\msvidc32.dll","NAME NOT FOUND","Length: 144"
"21:36:58.9258627","wmiprvse.exe","1908","RegQueryValue","HKLM\SOFTWARE\Microsoft\WINDOWS NT\CURRENTVERSION\drivers.desc\msyuv.dll","NAME NOT FOUND","Length: 144"
"21:36:58.9259834","wmiprvse.exe","1908","RegQueryValue","HKLM\SOFTWARE\Microsoft\WINDOWS NT\CURRENTVERSION\drivers.desc\iyuv_32.dll","NAME NOT FOUND","Length: 144"
"21:36:58.9260638","wmiprvse.exe","1908","RegQueryValue","HKLM\SOFTWARE\Microsoft\WINDOWS NT\CURRENTVERSION\drivers.desc\tsbyuv.dll","NAME NOT FOUND","Length: 144"
"21:37:18.9362682","wmiprvse.exe","1908","RegQueryValue","HKLM\SOFTWARE\Microsoft\WINDOWS NT\CURRENTVERSION\drivers.desc\msrle32.dll","NAME NOT FOUND","Length: 144"
"21:37:18.9362918","wmiprvse.exe","1908","RegQueryValue","HKLM\SOFTWARE\Microsoft\WINDOWS NT\CURRENTVERSION\drivers.desc\msvidc32.dll","NAME NOT FOUND","Length: 144"
"21:37:18.9364146","wmiprvse.exe","1908","RegQueryValue","HKLM\SOFTWARE\Microsoft\WINDOWS NT\CURRENTVERSION\drivers.desc\msyuv.dll","NAME NOT FOUND","Length: 144"
"21:37:18.9364536","wmiprvse.exe","1908","RegQueryValue","HKLM\SOFTWARE\Microsoft\WINDOWS NT\CURRENTVERSION\drivers.desc\iyuv_32.dll","NAME NOT FOUND","Length: 144"
"21:37:18.9364948","wmiprvse.exe","1908","RegQueryValue","HKLM\SOFTWARE\Microsoft\WINDOWS NT\CURRENTVERSION\drivers.desc\tsbyuv.dll","NAME NOT FOUND","Length: 144"
"21:37:38.9357492","wmiprvse.exe","1908","RegQueryValue","HKLM\SOFTWARE\Microsoft\WINDOWS NT\CURRENTVERSION\drivers.desc\msrle32.dll","NAME NOT FOUND","Length: 144"
"21:37:38.9357737","wmiprvse.exe","1908","RegQueryValue","HKLM\SOFTWARE\Microsoft\WINDOWS NT\CURRENTVERSION\drivers.desc\msvidc32.dll","NAME NOT FOUND","Length: 144"
"21:37:38.9359058","wmiprvse.exe","1908","RegQueryValue","HKLM\SOFTWARE\Microsoft\WINDOWS NT\CURRENTVERSION\drivers.desc\msyuv.dll","NAME NOT FOUND","Length: 144"
"21:37:38.9360358","wmiprvse.exe","1908","RegQueryValue","HKLM\SOFTWARE\Microsoft\WINDOWS NT\CURRENTVERSION\drivers.desc\iyuv_32.dll","NAME NOT FOUND","Length: 144"
"21:37:38.9360782","wmiprvse.exe","1908","RegQueryValue","HKLM\SOFTWARE\Microsoft\WINDOWS NT\CURRENTVERSION\drivers.desc\tsbyuv.dll","NAME NOT FOUND","Length: 144"
"21:37:58.9229031","wmiprvse.exe","1908","RegQueryValue","HKLM\SOFTWARE\Microsoft\WINDOWS NT\CURRENTVERSION\drivers.desc\msrle32.dll","NAME NOT FOUND","Length: 144"
"21:37:58.9229813","wmiprvse.exe","1908","RegQueryValue","HKLM\SOFTWARE\Microsoft\WINDOWS NT\CURRENTVERSION\drivers.desc\msvidc32.dll","NAME NOT FOUND","Length: 144"
"21:37:58.9232679","wmiprvse.exe","1908","RegQueryValue","HKLM\SOFTWARE\Microsoft\WINDOWS NT\CURRENTVERSION\drivers.desc\msyuv.dll","NAME NOT FOUND","Length: 144"
"21:37:58.9233093","wmiprvse.exe","1908","RegQueryValue","HKLM\SOFTWARE\Microsoft\WINDOWS NT\CURRENTVERSION\drivers.desc\iyuv_32.dll","NAME NOT FOUND","Length: 144"
"21:37:58.9233677","wmiprvse.exe","1908","RegQueryValue","HKLM\SOFTWARE\Microsoft\WINDOWS NT\CURRENTVERSION\drivers.desc\tsbyuv.dll","NAME NOT FOUND","Length: 144"
"21:38:18.9314378","wmiprvse.exe","1908","RegQueryValue","HKLM\SOFTWARE\Microsoft\WINDOWS NT\CURRENTVERSION\drivers.desc\msrle32.dll","NAME NOT FOUND","Length: 144"
"21:38:18.9314612","wmiprvse.exe","1908","RegQueryValue","HKLM\SOFTWARE\Microsoft\WINDOWS NT\CURRENTVERSION\drivers.desc\msvidc32.dll","NAME NOT FOUND","Length: 144"
"21:38:18.9316298","wmiprvse.exe","1908","RegQueryValue","HKLM\SOFTWARE\Microsoft\WINDOWS NT\CURRENTVERSION\drivers.desc\msyuv.dll","NAME NOT FOUND","Length: 144"
"21:38:18.9317021","wmiprvse.exe","1908","RegQueryValue","HKLM\SOFTWARE\Microsoft\WINDOWS NT\CURRENTVERSION\drivers.desc\iyuv_32.dll","NAME NOT FOUND","Length: 144"
"21:38:18.9317741","wmiprvse.exe","1908","RegQueryValue","HKLM\SOFTWARE\Microsoft\WINDOWS NT\CURRENTVERSION\drivers.desc\tsbyuv.dll","NAME NOT FOUND","Length: 144"
"21:38:38.9295114","wmiprvse.exe","1908","RegQueryValue","HKLM\SOFTWARE\Microsoft\WINDOWS NT\CURRENTVERSION\drivers.desc\msrle32.dll","NAME NOT FOUND","Length: 144"
"21:38:38.9295538","wmiprvse.exe","1908","RegQueryValue","HKLM\SOFTWARE\Microsoft\WINDOWS NT\CURRENTVERSION\drivers.desc\msvidc32.dll","NAME NOT FOUND","Length: 144"
"21:38:38.9298682","wmiprvse.exe","1908","RegQueryValue","HKLM\SOFTWARE\Microsoft\WINDOWS NT\CURRENTVERSION\drivers.desc\msyuv.dll","NAME NOT FOUND","Length: 144"
"21:38:38.9300481","wmiprvse.exe","1908","RegQueryValue","HKLM\SOFTWARE\Microsoft\WINDOWS NT\CURRENTVERSION\drivers.desc\iyuv_32.dll","NAME NOT FOUND","Length: 144"
"21:38:38.9301521","wmiprvse.exe","1908","RegQueryValue","HKLM\SOFTWARE\Microsoft\WINDOWS NT\CURRENTVERSION\drivers.desc\tsbyuv.dll","NAME NOT FOUND","Length: 144"
"21:38:58.9259952","wmiprvse.exe","1908","RegQueryValue","HKLM\SOFTWARE\Microsoft\WINDOWS NT\CURRENTVERSION\drivers.desc\msrle32.dll","NAME NOT FOUND","Length: 144"
"21:38:58.9260267","wmiprvse.exe","1908","RegQueryValue","HKLM\SOFTWARE\Microsoft\WINDOWS NT\CURRENTVERSION\drivers.desc\msvidc32.dll","NAME NOT FOUND","Length: 144"
"21:38:58.9262741","wmiprvse.exe","1908","RegQueryValue","HKLM\SOFTWARE\Microsoft\WINDOWS NT\CURRENTVERSION\drivers.desc\msyuv.dll","NAME NOT FOUND","Length: 144"
"21:38:58.9263273","wmiprvse.exe","1908","RegQueryValue","HKLM\SOFTWARE\Microsoft\WINDOWS NT\CURRENTVERSION\drivers.desc\iyuv_32.dll","NAME NOT FOUND","Length: 144"
"21:38:58.9263681","wmiprvse.exe","1908","RegQueryValue","HKLM\SOFTWARE\Microsoft\WINDOWS NT\CURRENTVERSION\drivers.desc\tsbyuv.dll","NAME NOT FOUND","Length: 144"
"21:39:18.9467120","wmiprvse.exe","1908","RegQueryValue","HKLM\SOFTWARE\Microsoft\WINDOWS NT\CURRENTVERSION\drivers.desc\msrle32.dll","NAME NOT FOUND","Length: 144"
"21:39:18.9467416","wmiprvse.exe","1908","RegQueryValue","HKLM\SOFTWARE\Microsoft\WINDOWS NT\CURRENTVERSION\drivers.desc\msvidc32.dll","NAME NOT FOUND","Length: 144"
"21:39:18.9468957","wmiprvse.exe","1908","RegQueryValue","HKLM\SOFTWARE\Microsoft\WINDOWS NT\CURRENTVERSION\drivers.desc\msyuv.dll","NAME NOT FOUND","Length: 144"
"21:39:18.9469450","wmiprvse.exe","1908","RegQueryValue","HKLM\SOFTWARE\Microsoft\WINDOWS NT\CURRENTVERSION\drivers.desc\iyuv_32.dll","NAME NOT FOUND","Length: 144"
"21:39:18.9469817","wmiprvse.exe","1908","RegQueryValue","HKLM\SOFTWARE\Microsoft\WINDOWS NT\CURRENTVERSION\drivers.desc\tsbyuv.dll","NAME NOT FOUND","Length: 144"
"21:39:38.9628854","wmiprvse.exe","1908","RegQueryValue","HKLM\SOFTWARE\Microsoft\WINDOWS NT\CURRENTVERSION\drivers.desc\msrle32.dll","NAME NOT FOUND","Length: 144"
"21:39:38.9629439","wmiprvse.exe","1908","RegQueryValue","HKLM\SOFTWARE\Microsoft\WINDOWS NT\CURRENTVERSION\drivers.desc\msvidc32.dll","NAME NOT FOUND","Length: 144"
"21:39:38.9630731","wmiprvse.exe","1908","RegQueryValue","HKLM\SOFTWARE\Microsoft\WINDOWS NT\CURRENTVERSION\drivers.desc\msyuv.dll","NAME NOT FOUND","Length: 144"
"21:39:38.9631150","wmiprvse.exe","1908","RegQueryValue","HKLM\SOFTWARE\Microsoft\WINDOWS NT\CURRENTVERSION\drivers.desc\iyuv_32.dll","NAME NOT FOUND","Length: 144"
"21:39:38.9631432","wmiprvse.exe","1908","RegQueryValue","HKLM\SOFTWARE\Microsoft\WINDOWS NT\CURRENTVERSION\drivers.desc\tsbyuv.dll","NAME NOT FOUND","Length: 144"
"21:39:58.9693680","wmiprvse.exe","1908","RegQueryValue","HKLM\SOFTWARE\Microsoft\WINDOWS NT\CURRENTVERSION\drivers.desc\msrle32.dll","NAME NOT FOUND","Length: 144"
"21:39:58.9693887","wmiprvse.exe","1908","RegQueryValue","HKLM\SOFTWARE\Microsoft\WINDOWS NT\CURRENTVERSION\drivers.desc\msvidc32.dll","NAME NOT FOUND","Length: 144"
"21:39:58.9695657","wmiprvse.exe","1908","RegQueryValue","HKLM\SOFTWARE\Microsoft\WINDOWS NT\CURRENTVERSION\drivers.desc\msyuv.dll","NAME NOT FOUND","Length: 144"
"21:39:58.9696611","wmiprvse.exe","1908","RegQueryValue","HKLM\SOFTWARE\Microsoft\WINDOWS NT\CURRENTVERSION\drivers.desc\iyuv_32.dll","NAME NOT FOUND","Length: 144"
"21:39:58.9697068","wmiprvse.exe","1908","RegQueryValue","HKLM\SOFTWARE\Microsoft\WINDOWS NT\CURRENTVERSION\drivers.desc\tsbyuv.dll","NAME NOT FOUND","Length: 144"
"21:40:18.9770111","wmiprvse.exe","1908","RegQueryValue","HKLM\SOFTWARE\Microsoft\WINDOWS NT\CURRENTVERSION\drivers.desc\msrle32.dll","NAME NOT FOUND","Length: 144"
"21:40:18.9772767","wmiprvse.exe","1908","RegQueryValue","HKLM\SOFTWARE\Microsoft\WINDOWS NT\CURRENTVERSION\drivers.desc\msvidc32.dll","NAME NOT FOUND","Length: 144"
"21:40:18.9774858","wmiprvse.exe","1908","RegQueryValue","HKLM\SOFTWARE\Microsoft\WINDOWS NT\CURRENTVERSION\drivers.desc\msyuv.dll","NAME NOT FOUND","Length: 144"
"21:40:18.9775367","wmiprvse.exe","1908","RegQueryValue","HKLM\SOFTWARE\Microsoft\WINDOWS NT\CURRENTVERSION\drivers.desc\iyuv_32.dll","NAME NOT FOUND","Length: 144"
"21:40:18.9775756","wmiprvse.exe","1908","RegQueryValue","HKLM\SOFTWARE\Microsoft\WINDOWS NT\CURRENTVERSION\drivers.desc\tsbyuv.dll","NAME NOT FOUND","Length: 144"
"21:40:38.9994933","wmiprvse.exe","1908","RegQueryValue","HKLM\SOFTWARE\Microsoft\WINDOWS NT\CURRENTVERSION\drivers.desc\msrle32.dll","NAME NOT FOUND","Length: 144"
"21:40:38.9998681","wmiprvse.exe","1908","RegQueryValue","HKLM\SOFTWARE\Microsoft\WINDOWS NT\CURRENTVERSION\drivers.desc\msvidc32.dll","NAME NOT FOUND","Length: 144"
"21:40:39.0005259","wmiprvse.exe","1908","RegQueryValue","HKLM\SOFTWARE\Microsoft\WINDOWS NT\CURRENTVERSION\drivers.desc\msyuv.dll","NAME NOT FOUND","Length: 144"
"21:40:39.0005800","wmiprvse.exe","1908","RegQueryValue","HKLM\SOFTWARE\Microsoft\WINDOWS NT\CURRENTVERSION\drivers.desc\iyuv_32.dll","NAME NOT FOUND","Length: 144"
"21:40:39.0006176","wmiprvse.exe","1908","RegQueryValue","HKLM\SOFTWARE\Microsoft\WINDOWS NT\CURRENTVERSION\drivers.desc\tsbyuv.dll","NAME NOT FOUND","Length: 144"
"21:40:58.9831806","wmiprvse.exe","1908","RegQueryValue","HKLM\SOFTWARE\Microsoft\WINDOWS NT\CURRENTVERSION\drivers.desc\msrle32.dll","NAME NOT FOUND","Length: 144"
"21:40:58.9832026","wmiprvse.exe","1908","RegQueryValue","HKLM\SOFTWARE\Microsoft\WINDOWS NT\CURRENTVERSION\drivers.desc\msvidc32.dll","NAME NOT FOUND","Length: 144"
"21:40:58.9833569","wmiprvse.exe","1908","RegQueryValue","HKLM\SOFTWARE\Microsoft\WINDOWS NT\CURRENTVERSION\drivers.desc\msyuv.dll","NAME NOT FOUND","Length: 144"
"21:40:58.9833645","wmiprvse.exe","1908","RegQueryValue","HKLM\SOFTWARE\Microsoft\WINDOWS NT\CURRENTVERSION\drivers.desc\iyuv_32.dll","NAME NOT FOUND","Length: 144"
"21:40:58.9833645","wmiprvse.exe","1908","RegQueryValue","HKLM\SOFTWARE\Microsoft\WINDOWS NT\CURRENTVERSION\drivers.desc\tsbyuv.dll","NAME NOT FOUND","Length: 144"
"21:41:18.9875933","wmiprvse.exe","1908","RegQueryValue","HKLM\SOFTWARE\Microsoft\WINDOWS NT\CURRENTVERSION\drivers.desc\msrle32.dll","NAME NOT FOUND","Length: 144"
"21:41:18.9876301","wmiprvse.exe","1908","RegQueryValue","HKLM\SOFTWARE\Microsoft\WINDOWS NT\CURRENTVERSION\drivers.desc\msvidc32.dll","NAME NOT FOUND","Length: 144"
"21:41:18.9878811","wmiprvse.exe","1908","RegQueryValue","HKLM\SOFTWARE\Microsoft\WINDOWS NT\CURRENTVERSION\drivers.desc\msyuv.dll","NAME NOT FOUND","Length: 144"
"21:41:18.9879391","wmiprvse.exe","1908","RegQueryValue","HKLM\SOFTWARE\Microsoft\WINDOWS NT\CURRENTVERSION\drivers.desc\iyuv_32.dll","NAME NOT FOUND","Length: 144"
"21:41:18.9879810","wmiprvse.exe","1908","RegQueryValue","HKLM\SOFTWARE\Microsoft\WINDOWS NT\CURRENTVERSION\drivers.desc\tsbyuv.dll","NAME NOT FOUND","Length: 144"
"21:41:39.0152103","wmiprvse.exe","1908","RegQueryValue","HKLM\SOFTWARE\Microsoft\WINDOWS NT\CURRENTVERSION\drivers.desc\msrle32.dll","NAME NOT FOUND","Length: 144"
"21:41:39.0152514","wmiprvse.exe","1908","RegQueryValue","HKLM\SOFTWARE\Microsoft\WINDOWS NT\CURRENTVERSION\drivers.desc\msvidc32.dll","NAME NOT FOUND","Length: 144"
"21:41:39.0154134","wmiprvse.exe","1908","RegQueryValue","HKLM\SOFTWARE\Microsoft\WINDOWS NT\CURRENTVERSION\drivers.desc\msyuv.dll","NAME NOT FOUND","Length: 144"
"21:41:39.0154668","wmiprvse.exe","1908","RegQueryValue","HKLM\SOFTWARE\Microsoft\WINDOWS NT\CURRENTVERSION\drivers.desc\iyuv_32.dll","NAME NOT FOUND","Length: 144"
"21:41:39.0155093","wmiprvse.exe","1908","RegQueryValue","HKLM\SOFTWARE\Microsoft\WINDOWS NT\CURRENTVERSION\drivers.desc\tsbyuv.dll","NAME NOT FOUND","Length: 144"
"21:41:59.0375864","wmiprvse.exe","1908","RegQueryValue","HKLM\SOFTWARE\Microsoft\WINDOWS NT\CURRENTVERSION\drivers.desc\msrle32.dll","NAME NOT FOUND","Length: 144"
"21:41:59.0376159","wmiprvse.exe","1908","RegQueryValue","HKLM\SOFTWARE\Microsoft\WINDOWS NT\CURRENTVERSION\drivers.desc\msvidc32.dll","NAME NOT FOUND","Length: 144"
"21:41:59.0377786","wmiprvse.exe","1908","RegQueryValue","HKLM\SOFTWARE\Microsoft\WINDOWS NT\CURRENTVERSION\drivers.desc\msyuv.dll","NAME NOT FOUND","Length: 144"
"21:41:59.0378336","wmiprvse.exe","1908","RegQueryValue","HKLM\SOFTWARE\Microsoft\WINDOWS NT\CURRENTVERSION\drivers.desc\iyuv_32.dll","NAME NOT FOUND","Length: 144"
"21:41:59.0379104","wmiprvse.exe","1908","RegQueryValue","HKLM\SOFTWARE\Microsoft\WINDOWS NT\CURRENTVERSION\drivers.desc\tsbyuv.dll","NAME NOT FOUND","Length: 144"
"21:42:19.0408601","wmiprvse.exe","1908","RegQueryValue","HKLM\SOFTWARE\Microsoft\WINDOWS NT\CURRENTVERSION\drivers.desc\msrle32.dll","NAME NOT FOUND","Length: 144"
"21:42:19.0408817","wmiprvse.exe","1908","RegQueryValue","HKLM\SOFTWARE\Microsoft\WINDOWS NT\CURRENTVERSION\drivers.desc\msvidc32.dll","NAME NOT FOUND","Length: 144"
"21:42:19.0409955","wmiprvse.exe","1908","RegQueryValue","HKLM\SOFTWARE\Microsoft\WINDOWS NT\CURRENTVERSION\drivers.desc\msyuv.dll","NAME NOT FOUND","Length: 144"
"21:42:19.0410298","wmiprvse.exe","1908","RegQueryValue","HKLM\SOFTWARE\Microsoft\WINDOWS NT\CURRENTVERSION\drivers.desc\iyuv_32.dll","NAME NOT FOUND","Length: 144"
"21:42:19.0410554","wmiprvse.exe","1908","RegQueryValue","HKLM\SOFTWARE\Microsoft\WINDOWS NT\CURRENTVERSION\drivers.desc\tsbyuv.dll","NAME NOT FOUND","Length: 144"
"21:42:39.0513311","wmiprvse.exe","1908","RegQueryValue","HKLM\SOFTWARE\Microsoft\WINDOWS NT\CURRENTVERSION\drivers.desc\msrle32.dll","NAME NOT FOUND","Length: 144"
"21:42:39.0513517","wmiprvse.exe","1908","RegQueryValue","HKLM\SOFTWARE\Microsoft\WINDOWS NT\CURRENTVERSION\drivers.desc\msvidc32.dll","NAME NOT FOUND","Length: 144"
"21:42:39.0515141","wmiprvse.exe","1908","RegQueryValue","HKLM\SOFTWARE\Microsoft\WINDOWS NT\CURRENTVERSION\drivers.desc\msyuv.dll","NAME NOT FOUND","Length: 144"
"21:42:39.0515509","wmiprvse.exe","1908","RegQueryValue","HKLM\SOFTWARE\Microsoft\WINDOWS NT\CURRENTVERSION\drivers.desc\iyuv_32.dll","NAME NOT FOUND","Length: 144"
"21:42:39.0516387","wmiprvse.exe","1908","RegQueryValue","HKLM\SOFTWARE\Microsoft\WINDOWS NT\CURRENTVERSION\drivers.desc\tsbyuv.dll","NAME NOT FOUND","Length: 144"
"21:42:59.0459237","wmiprvse.exe","1908","RegQueryValue","HKLM\SOFTWARE\Microsoft\WINDOWS NT\CURRENTVERSION\drivers.desc\msrle32.dll","NAME NOT FOUND","Length: 144"
"21:42:59.0459455","wmiprvse.exe","1908","RegQueryValue","HKLM\SOFTWARE\Microsoft\WINDOWS NT\CURRENTVERSION\drivers.desc\msvidc32.dll","NAME NOT FOUND","Length: 144"
"21:42:59.0460808","wmiprvse.exe","1908","RegQueryValue","HKLM\SOFTWARE\Microsoft\WINDOWS NT\CURRENTVERSION\drivers.desc\msyuv.dll","NAME NOT FOUND","Length: 144"
"21:42:59.0461546","wmiprvse.exe","1908","RegQueryValue","HKLM\SOFTWARE\Microsoft\WINDOWS NT\CURRENTVERSION\drivers.desc\iyuv_32.dll","NAME NOT FOUND","Length: 144"
"21:42:59.0461808","wmiprvse.exe","1908","RegQueryValue","HKLM\SOFTWARE\Microsoft\WINDOWS NT\CURRENTVERSION\drivers.desc\tsbyuv.dll","NAME NOT FOUND","Length: 144"
"21:43:19.0466494","wmiprvse.exe","1908","RegQueryValue","HKLM\SOFTWARE\Microsoft\WINDOWS NT\CURRENTVERSION\drivers.desc\msrle32.dll","NAME NOT FOUND","Length: 144"
"21:43:19.0466714","wmiprvse.exe","1908","RegQueryValue","HKLM\SOFTWARE\Microsoft\WINDOWS NT\CURRENTVERSION\drivers.desc\msvidc32.dll","NAME NOT FOUND","Length: 144"
"21:43:19.0467836","wmiprvse.exe","1908","RegQueryValue","HKLM\SOFTWARE\Microsoft\WINDOWS NT\CURRENTVERSION\drivers.desc\msyuv.dll","NAME NOT FOUND","Length: 144"
"21:43:19.0468179","wmiprvse.exe","1908","RegQueryValue","HKLM\SOFTWARE\Microsoft\WINDOWS NT\CURRENTVERSION\drivers.desc\iyuv_32.dll","NAME NOT FOUND","Length: 144"
"21:43:19.0468457","wmiprvse.exe","1908","RegQueryValue","HKLM\SOFTWARE\Microsoft\WINDOWS NT\CURRENTVERSION\drivers.desc\tsbyuv.dll","NAME NOT FOUND","Length: 144"
"21:43:39.0635239","wmiprvse.exe","1908","RegQueryValue","HKLM\SOFTWARE\Microsoft\WINDOWS NT\CURRENTVERSION\drivers.desc\msrle32.dll","NAME NOT FOUND","Length: 144"
"21:43:39.0635456","wmiprvse.exe","1908","RegQueryValue","HKLM\SOFTWARE\Microsoft\WINDOWS NT\CURRENTVERSION\drivers.desc\msvidc32.dll","NAME NOT FOUND","Length: 144"
"21:43:39.0636833","wmiprvse.exe","1908","RegQueryValue","HKLM\SOFTWARE\Microsoft\WINDOWS NT\CURRENTVERSION\drivers.desc\msyuv.dll","NAME NOT FOUND","Length: 144"
"21:43:39.0637602","wmiprvse.exe","1908","RegQueryValue","HKLM\SOFTWARE\Microsoft\WINDOWS NT\CURRENTVERSION\drivers.desc\iyuv_32.dll","NAME NOT FOUND","Length: 144"
"21:43:39.0637870","wmiprvse.exe","1908","RegQueryValue","HKLM\SOFTWARE\Microsoft\WINDOWS NT\CURRENTVERSION\drivers.desc\tsbyuv.dll","NAME NOT FOUND","Length: 144"
"21:43:59.0820964","wmiprvse.exe","1908","RegQueryValue","HKLM\SOFTWARE\Microsoft\WINDOWS NT\CURRENTVERSION\drivers.desc\msrle32.dll","NAME NOT FOUND","Length: 144"
"21:43:59.0821236","wmiprvse.exe","1908","RegQueryValue","HKLM\SOFTWARE\Microsoft\WINDOWS NT\CURRENTVERSION\drivers.desc\msvidc32.dll","NAME NOT FOUND","Length: 144"
"21:43:59.0822690","wmiprvse.exe","1908","RegQueryValue","HKLM\SOFTWARE\Microsoft\WINDOWS NT\CURRENTVERSION\drivers.desc\msyuv.dll","NAME NOT FOUND","Length: 144"
"21:43:59.0823150","wmiprvse.exe","1908","RegQueryValue","HKLM\SOFTWARE\Microsoft\WINDOWS NT\CURRENTVERSION\drivers.desc\iyuv_32.dll","NAME NOT FOUND","Length: 144"
"21:43:59.0823493","wmiprvse.exe","1908","RegQueryValue","HKLM\SOFTWARE\Microsoft\WINDOWS NT\CURRENTVERSION\drivers.desc\tsbyuv.dll","NAME NOT FOUND","Length: 144"
"21:44:19.0909461","wmiprvse.exe","1908","RegQueryValue","HKLM\SOFTWARE\Microsoft\WINDOWS NT\CURRENTVERSION\drivers.desc\msrle32.dll","NAME NOT FOUND","Length: 144"
"21:44:19.0909941","wmiprvse.exe","1908","RegQueryValue","HKLM\SOFTWARE\Microsoft\WINDOWS NT\CURRENTVERSION\drivers.desc\msvidc32.dll","NAME NOT FOUND","Length: 144"
"21:44:19.0911515","wmiprvse.exe","1908","RegQueryValue","HKLM\SOFTWARE\Microsoft\WINDOWS NT\CURRENTVERSION\drivers.desc\msyuv.dll","NAME NOT FOUND","Length: 144"
"21:44:19.0911976","wmiprvse.exe","1908","RegQueryValue","HKLM\SOFTWARE\Microsoft\WINDOWS NT\CURRENTVERSION\drivers.desc\iyuv_32.dll","NAME NOT FOUND","Length: 144"
"21:44:19.0912350","wmiprvse.exe","1908","RegQueryValue","HKLM\SOFTWARE\Microsoft\WINDOWS NT\CURRENTVERSION\drivers.desc\tsbyuv.dll","NAME NOT FOUND","Length: 144"
"21:44:39.1069664","wmiprvse.exe","1908","RegQueryValue","HKLM\SOFTWARE\Microsoft\WINDOWS NT\CURRENTVERSION\drivers.desc\msrle32.dll","NAME NOT FOUND","Length: 144"
"21:44:39.1070179","wmiprvse.exe","1908","RegQueryValue","HKLM\SOFTWARE\Microsoft\WINDOWS NT\CURRENTVERSION\drivers.desc\msvidc32.dll","NAME NOT FOUND","Length: 144"
"21:44:39.1071434","wmiprvse.exe","1908","RegQueryValue","HKLM\SOFTWARE\Microsoft\WINDOWS NT\CURRENTVERSION\drivers.desc\msyuv.dll","NAME NOT FOUND","Length: 144"
"21:44:39.1071776","wmiprvse.exe","1908","RegQueryValue","HKLM\SOFTWARE\Microsoft\WINDOWS NT\CURRENTVERSION\drivers.desc\iyuv_32.dll","NAME NOT FOUND","Length: 144"
"21:44:39.1072053","wmiprvse.exe","1908","RegQueryValue","HKLM\SOFTWARE\Microsoft\WINDOWS NT\CURRENTVERSION\drivers.desc\tsbyuv.dll","NAME NOT FOUND","Length: 144"
"21:44:59.1187959","wmiprvse.exe","1908","RegQueryValue","HKLM\SOFTWARE\Microsoft\WINDOWS NT\CURRENTVERSION\drivers.desc\msrle32.dll","NAME NOT FOUND","Length: 144"
"21:44:59.1188175","wmiprvse.exe","1908","RegQueryValue","HKLM\SOFTWARE\Microsoft\WINDOWS NT\CURRENTVERSION\drivers.desc\msvidc32.dll","NAME NOT FOUND","Length: 144"
"21:44:59.1189567","wmiprvse.exe","1908","RegQueryValue","HKLM\SOFTWARE\Microsoft\WINDOWS NT\CURRENTVERSION\drivers.desc\msyuv.dll","NAME NOT FOUND","Length: 144"
"21:44:59.1190084","wmiprvse.exe","1908","RegQueryValue","HKLM\SOFTWARE\Microsoft\WINDOWS NT\CURRENTVERSION\drivers.desc\iyuv_32.dll","NAME NOT FOUND","Length: 144"
"21:44:59.1190344","wmiprvse.exe","1908","RegQueryValue","HKLM\SOFTWARE\Microsoft\WINDOWS NT\CURRENTVERSION\drivers.desc\tsbyuv.dll","NAME NOT FOUND","Length: 144"
"21:45:19.1290453","wmiprvse.exe","1908","RegQueryValue","HKLM\SOFTWARE\Microsoft\WINDOWS NT\CURRENTVERSION\drivers.desc\msrle32.dll","NAME NOT FOUND","Length: 144"
"21:45:19.1291220","wmiprvse.exe","1908","RegQueryValue","HKLM\SOFTWARE\Microsoft\WINDOWS NT\CURRENTVERSION\drivers.desc\msvidc32.dll","NAME NOT FOUND","Length: 144"
"21:45:19.1292774","wmiprvse.exe","1908","RegQueryValue","HKLM\SOFTWARE\Microsoft\WINDOWS NT\CURRENTVERSION\drivers.desc\msyuv.dll","NAME NOT FOUND","Length: 144"
"21:45:19.1293114","wmiprvse.exe","1908","RegQueryValue","HKLM\SOFTWARE\Microsoft\WINDOWS NT\CURRENTVERSION\drivers.desc\iyuv_32.dll","NAME NOT FOUND","Length: 144"
"21:45:19.1293906","wmiprvse.exe","1908","RegQueryValue","HKLM\SOFTWARE\Microsoft\WINDOWS NT\CURRENTVERSION\drivers.desc\tsbyuv.dll","NAME NOT FOUND","Length: 144"
"21:45:39.1523492","wmiprvse.exe","1908","RegQueryValue","HKLM\SOFTWARE\Microsoft\WINDOWS NT\CURRENTVERSION\drivers.desc\msrle32.dll","NAME NOT FOUND","Length: 144"
"21:45:39.1523857","wmiprvse.exe","1908","RegQueryValue","HKLM\SOFTWARE\Microsoft\WINDOWS NT\CURRENTVERSION\drivers.desc\msvidc32.dll","NAME NOT FOUND","Length: 144"
"21:45:39.1526557","wmiprvse.exe","1908","RegQueryValue","HKLM\SOFTWARE\Microsoft\WINDOWS NT\CURRENTVERSION\drivers.desc\msyuv.dll","NAME NOT FOUND","Length: 144"
"21:45:39.1527140","wmiprvse.exe","1908","RegQueryValue","HKLM\SOFTWARE\Microsoft\WINDOWS NT\CURRENTVERSION\drivers.desc\iyuv_32.dll","NAME NOT FOUND","Length: 144"
"21:45:39.1527588","wmiprvse.exe","1908","RegQueryValue","HKLM\SOFTWARE\Microsoft\WINDOWS NT\CURRENTVERSION\drivers.desc\tsbyuv.dll","NAME NOT FOUND","Length: 144"
"21:45:42.8539789","csrss.exe","544","CreateFile","C:\Windows\System32\zh-CN\Microsoft.Windows.Common-Controls.DLL","NAME NOT FOUND","Desired Access: Read Attributes, Disposition: Open, Options: Open Reparse Point, Attributes: n/a, ShareMode: Read, Write, Delete, AllocationSize: n/a, Impersonating: WIN-YZAQ01YWQBO\Administrator"
"21:45:42.8547664","csrss.exe","544","CreateFile","C:\Windows\System32\en-US\Microsoft.Windows.Common-Controls.DLL","NAME NOT FOUND","Desired Access: Read Attributes, Disposition: Open, Options: Open Reparse Point, Attributes: n/a, ShareMode: Read, Write, Delete, AllocationSize: n/a, Impersonating: WIN-YZAQ01YWQBO\Administrator"
"21:45:42.8552441","csrss.exe","544","CreateFile","C:\Windows\System32\en\Microsoft.Windows.Common-Controls.DLL","NAME NOT FOUND","Desired Access: Read Attributes, Disposition: Open, Options: Open Reparse Point, Attributes: n/a, ShareMode: Read, Write, Delete, AllocationSize: n/a, Impersonating: WIN-YZAQ01YWQBO\Administrator"
"21:45:42.8568106","csrss.exe","544","CreateFile","C:\Windows\System32\zh-CN\Microsoft.Windows.Common-Controls.mui.DLL","NAME NOT FOUND","Desired Access: Read Attributes, Disposition: Open, Options: Open Reparse Point, Attributes: n/a, ShareMode: Read, Write, Delete, AllocationSize: n/a, Impersonating: WIN-YZAQ01YWQBO\Administrator"
"21:45:42.8576646","csrss.exe","544","CreateFile","C:\Windows\System32\en-US\Microsoft.Windows.Common-Controls.mui.DLL","NAME NOT FOUND","Desired Access: Read Attributes, Disposition: Open, Options: Open Reparse Point, Attributes: n/a, ShareMode: Read, Write, Delete, AllocationSize: n/a, Impersonating: WIN-YZAQ01YWQBO\Administrator"
"21:45:42.8581523","csrss.exe","544","CreateFile","C:\Windows\System32\en\Microsoft.Windows.Common-Controls.mui.DLL","NAME NOT FOUND","Desired Access: Read Attributes, Disposition: Open, Options: Open Reparse Point, Attributes: n/a, ShareMode: Read, Write, Delete, AllocationSize: n/a, Impersonating: WIN-YZAQ01YWQBO\Administrator"
"21:45:42.8693426","logon.scr","2016","RegQueryValue","HKLM\System\CurrentControlSet\Control\SESSION MANAGER\SafeDllSearchMode","NAME NOT FOUND","Length: 16"
"21:45:59.1509108","wmiprvse.exe","1908","RegQueryValue","HKLM\SOFTWARE\Microsoft\WINDOWS NT\CURRENTVERSION\drivers.desc\msrle32.dll","NAME NOT FOUND","Length: 144"
"21:45:59.1509312","wmiprvse.exe","1908","RegQueryValue","HKLM\SOFTWARE\Microsoft\WINDOWS NT\CURRENTVERSION\drivers.desc\msvidc32.dll","NAME NOT FOUND","Length: 144"
"21:45:59.1510675","wmiprvse.exe","1908","RegQueryValue","HKLM\SOFTWARE\Microsoft\WINDOWS NT\CURRENTVERSION\drivers.desc\msyuv.dll","NAME NOT FOUND","Length: 144"
"21:45:59.1512255","wmiprvse.exe","1908","RegQueryValue","HKLM\SOFTWARE\Microsoft\WINDOWS NT\CURRENTVERSION\drivers.desc\iyuv_32.dll","NAME NOT FOUND","Length: 144"
"21:45:59.1513013","wmiprvse.exe","1908","RegQueryValue","HKLM\SOFTWARE\Microsoft\WINDOWS NT\CURRENTVERSION\drivers.desc\tsbyuv.dll","NAME NOT FOUND","Length: 144"
"21:46:19.1572116","wmiprvse.exe","1908","RegQueryValue","HKLM\SOFTWARE\Microsoft\WINDOWS NT\CURRENTVERSION\drivers.desc\msrle32.dll","NAME NOT FOUND","Length: 144"
"21:46:19.1572341","wmiprvse.exe","1908","RegQueryValue","HKLM\SOFTWARE\Microsoft\WINDOWS NT\CURRENTVERSION\drivers.desc\msvidc32.dll","NAME NOT FOUND","Length: 144"
"21:46:19.1573444","wmiprvse.exe","1908","RegQueryValue","HKLM\SOFTWARE\Microsoft\WINDOWS NT\CURRENTVERSION\drivers.desc\msyuv.dll","NAME NOT FOUND","Length: 144"
"21:46:19.1573782","wmiprvse.exe","1908","RegQueryValue","HKLM\SOFTWARE\Microsoft\WINDOWS NT\CURRENTVERSION\drivers.desc\iyuv_32.dll","NAME NOT FOUND","Length: 144"
"21:46:19.1574179","wmiprvse.exe","1908","RegQueryValue","HKLM\SOFTWARE\Microsoft\WINDOWS NT\CURRENTVERSION\drivers.desc\tsbyuv.dll","NAME NOT FOUND","Length: 144"
"21:46:39.1346481","wmiprvse.exe","1908","RegQueryValue","HKLM\SOFTWARE\Microsoft\WINDOWS NT\CURRENTVERSION\drivers.desc\msrle32.dll","NAME NOT FOUND","Length: 144"
"21:46:39.1346690","wmiprvse.exe","1908","RegQueryValue","HKLM\SOFTWARE\Microsoft\WINDOWS NT\CURRENTVERSION\drivers.desc\msvidc32.dll","NAME NOT FOUND","Length: 144"
"21:46:39.1347779","wmiprvse.exe","1908","RegQueryValue","HKLM\SOFTWARE\Microsoft\WINDOWS NT\CURRENTVERSION\drivers.desc\msyuv.dll","NAME NOT FOUND","Length: 144"
"21:46:39.1348121","wmiprvse.exe","1908","RegQueryValue","HKLM\SOFTWARE\Microsoft\WINDOWS NT\CURRENTVERSION\drivers.desc\iyuv_32.dll","NAME NOT FOUND","Length: 144"
"21:46:39.1348378","wmiprvse.exe","1908","RegQueryValue","HKLM\SOFTWARE\Microsoft\WINDOWS NT\CURRENTVERSION\drivers.desc\tsbyuv.dll","NAME NOT FOUND","Length: 144"
"21:46:59.1284182","wmiprvse.exe","1908","RegQueryValue","HKLM\SOFTWARE\Microsoft\WINDOWS NT\CURRENTVERSION\drivers.desc\msrle32.dll","NAME NOT FOUND","Length: 144"
"21:46:59.1284819","wmiprvse.exe","1908","RegQueryValue","HKLM\SOFTWARE\Microsoft\WINDOWS NT\CURRENTVERSION\drivers.desc\msvidc32.dll","NAME NOT FOUND","Length: 144"
"21:46:59.1286765","wmiprvse.exe","1908","RegQueryValue","HKLM\SOFTWARE\Microsoft\WINDOWS NT\CURRENTVERSION\drivers.desc\msyuv.dll","NAME NOT FOUND","Length: 144"
"21:46:59.1287234","wmiprvse.exe","1908","RegQueryValue","HKLM\SOFTWARE\Microsoft\WINDOWS NT\CURRENTVERSION\drivers.desc\iyuv_32.dll","NAME NOT FOUND","Length: 144"
"21:46:59.1288411","wmiprvse.exe","1908","RegQueryValue","HKLM\SOFTWARE\Microsoft\WINDOWS NT\CURRENTVERSION\drivers.desc\tsbyuv.dll","NAME NOT FOUND","Length: 144"
"21:47:19.1367794","wmiprvse.exe","1908","RegQueryValue","HKLM\SOFTWARE\Microsoft\WINDOWS NT\CURRENTVERSION\drivers.desc\msrle32.dll","NAME NOT FOUND","Length: 144"
"21:47:19.1368169","wmiprvse.exe","1908","RegQueryValue","HKLM\SOFTWARE\Microsoft\WINDOWS NT\CURRENTVERSION\drivers.desc\msvidc32.dll","NAME NOT FOUND","Length: 144"
"21:47:19.1369501","wmiprvse.exe","1908","RegQueryValue","HKLM\SOFTWARE\Microsoft\WINDOWS NT\CURRENTVERSION\drivers.desc\msyuv.dll","NAME NOT FOUND","Length: 144"
"21:47:19.1370035","wmiprvse.exe","1908","RegQueryValue","HKLM\SOFTWARE\Microsoft\WINDOWS NT\CURRENTVERSION\drivers.desc\iyuv_32.dll","NAME NOT FOUND","Length: 144"
"21:47:19.1370309","wmiprvse.exe","1908","RegQueryValue","HKLM\SOFTWARE\Microsoft\WINDOWS NT\CURRENTVERSION\drivers.desc\tsbyuv.dll","NAME NOT FOUND","Length: 144"
"21:47:39.1442784","wmiprvse.exe","1908","RegQueryValue","HKLM\SOFTWARE\Microsoft\WINDOWS NT\CURRENTVERSION\drivers.desc\msrle32.dll","NAME NOT FOUND","Length: 144"
"21:47:39.1443012","wmiprvse.exe","1908","RegQueryValue","HKLM\SOFTWARE\Microsoft\WINDOWS NT\CURRENTVERSION\drivers.desc\msvidc32.dll","NAME NOT FOUND","Length: 144"
"21:47:39.1444509","wmiprvse.exe","1908","RegQueryValue","HKLM\SOFTWARE\Microsoft\WINDOWS NT\CURRENTVERSION\drivers.desc\msyuv.dll","NAME NOT FOUND","Length: 144"
"21:47:39.1444888","wmiprvse.exe","1908","RegQueryValue","HKLM\SOFTWARE\Microsoft\WINDOWS NT\CURRENTVERSION\drivers.desc\iyuv_32.dll","NAME NOT FOUND","Length: 144"
"21:47:39.1445527","wmiprvse.exe","1908","RegQueryValue","HKLM\SOFTWARE\Microsoft\WINDOWS NT\CURRENTVERSION\drivers.desc\tsbyuv.dll","NAME NOT FOUND","Length: 144"
"21:47:59.1405705","wmiprvse.exe","1908","RegQueryValue","HKLM\SOFTWARE\Microsoft\WINDOWS NT\CURRENTVERSION\drivers.desc\msrle32.dll","NAME NOT FOUND","Length: 144"
"21:47:59.1406024","wmiprvse.exe","1908","RegQueryValue","HKLM\SOFTWARE\Microsoft\WINDOWS NT\CURRENTVERSION\drivers.desc\msvidc32.dll","NAME NOT FOUND","Length: 144"
"21:47:59.1407728","wmiprvse.exe","1908","RegQueryValue","HKLM\SOFTWARE\Microsoft\WINDOWS NT\CURRENTVERSION\drivers.desc\msyuv.dll","NAME NOT FOUND","Length: 144"
"21:47:59.1408271","wmiprvse.exe","1908","RegQueryValue","HKLM\SOFTWARE\Microsoft\WINDOWS NT\CURRENTVERSION\drivers.desc\iyuv_32.dll","NAME NOT FOUND","Length: 144"
"21:47:59.1408677","wmiprvse.exe","1908","RegQueryValue","HKLM\SOFTWARE\Microsoft\WINDOWS NT\CURRENTVERSION\drivers.desc\tsbyuv.dll","NAME NOT FOUND","Length: 144"
"21:48:19.1418859","wmiprvse.exe","1908","RegQueryValue","HKLM\SOFTWARE\Microsoft\WINDOWS NT\CURRENTVERSION\drivers.desc\msrle32.dll","NAME NOT FOUND","Length: 144"
"21:48:19.1419262","wmiprvse.exe","1908","RegQueryValue","HKLM\SOFTWARE\Microsoft\WINDOWS NT\CURRENTVERSION\drivers.desc\msvidc32.dll","NAME NOT FOUND","Length: 144"
"21:48:19.1421803","wmiprvse.exe","1908","RegQueryValue","HKLM\SOFTWARE\Microsoft\WINDOWS NT\CURRENTVERSION\drivers.desc\msyuv.dll","NAME NOT FOUND","Length: 144"
"21:48:19.1422674","wmiprvse.exe","1908","RegQueryValue","HKLM\SOFTWARE\Microsoft\WINDOWS NT\CURRENTVERSION\drivers.desc\iyuv_32.dll","NAME NOT FOUND","Length: 144"
"21:48:19.1424224","wmiprvse.exe","1908","RegQueryValue","HKLM\SOFTWARE\Microsoft\WINDOWS NT\CURRENTVERSION\drivers.desc\tsbyuv.dll","NAME NOT FOUND","Length: 144"
"21:48:32.3192514","LogonUI.exe","1064","RegQueryValue","HKLM\System\CurrentControlSet\Control\SESSION MANAGER\SafeDllSearchMode","NAME NOT FOUND","Length: 16"
"21:48:32.5395971","LogonUI.exe","1064","CreateFile","C:\Windows\System32\zh-CN\imageres.dll.mui","NAME NOT FOUND","Desired Access: Generic Read, Disposition: Open, Options: , Attributes: n/a, ShareMode: Read, Delete, AllocationSize: n/a"
"21:48:39.1545279","wmiprvse.exe","1908","RegQueryValue","HKLM\SOFTWARE\Microsoft\WINDOWS NT\CURRENTVERSION\drivers.desc\msrle32.dll","NAME NOT FOUND","Length: 144"
"21:48:39.1545750","wmiprvse.exe","1908","RegQueryValue","HKLM\SOFTWARE\Microsoft\WINDOWS NT\CURRENTVERSION\drivers.desc\msvidc32.dll","NAME NOT FOUND","Length: 144"
"21:48:39.1547288","wmiprvse.exe","1908","RegQueryValue","HKLM\SOFTWARE\Microsoft\WINDOWS NT\CURRENTVERSION\drivers.desc\msyuv.dll","NAME NOT FOUND","Length: 144"
"21:48:39.1547632","wmiprvse.exe","1908","RegQueryValue","HKLM\SOFTWARE\Microsoft\WINDOWS NT\CURRENTVERSION\drivers.desc\iyuv_32.dll","NAME NOT FOUND","Length: 144"
"21:48:39.1547898","wmiprvse.exe","1908","RegQueryValue","HKLM\SOFTWARE\Microsoft\WINDOWS NT\CURRENTVERSION\drivers.desc\tsbyuv.dll","NAME NOT FOUND","Length: 144"
"21:48:59.1436498","wmiprvse.exe","1908","RegQueryValue","HKLM\SOFTWARE\Microsoft\WINDOWS NT\CURRENTVERSION\drivers.desc\msrle32.dll","NAME NOT FOUND","Length: 144"
"21:48:59.1436777","wmiprvse.exe","1908","RegQueryValue","HKLM\SOFTWARE\Microsoft\WINDOWS NT\CURRENTVERSION\drivers.desc\msvidc32.dll","NAME NOT FOUND","Length: 144"
"21:48:59.1438087","wmiprvse.exe","1908","RegQueryValue","HKLM\SOFTWARE\Microsoft\WINDOWS NT\CURRENTVERSION\drivers.desc\msyuv.dll","NAME NOT FOUND","Length: 144"
"21:48:59.1438481","wmiprvse.exe","1908","RegQueryValue","HKLM\SOFTWARE\Microsoft\WINDOWS NT\CURRENTVERSION\drivers.desc\iyuv_32.dll","NAME NOT FOUND","Length: 144"
"21:48:59.1438805","wmiprvse.exe","1908","RegQueryValue","HKLM\SOFTWARE\Microsoft\WINDOWS NT\CURRENTVERSION\drivers.desc\tsbyuv.dll","NAME NOT FOUND","Length: 144"
"21:49:19.1284433","wmiprvse.exe","1908","RegQueryValue","HKLM\SOFTWARE\Microsoft\WINDOWS NT\CURRENTVERSION\drivers.desc\msrle32.dll","NAME NOT FOUND","Length: 144"
"21:49:19.1284645","wmiprvse.exe","1908","RegQueryValue","HKLM\SOFTWARE\Microsoft\WINDOWS NT\CURRENTVERSION\drivers.desc\msvidc32.dll","NAME NOT FOUND","Length: 144"
"21:49:19.1285764","wmiprvse.exe","1908","RegQueryValue","HKLM\SOFTWARE\Microsoft\WINDOWS NT\CURRENTVERSION\drivers.desc\msyuv.dll","NAME NOT FOUND","Length: 144"
"21:49:19.1286286","wmiprvse.exe","1908","RegQueryValue","HKLM\SOFTWARE\Microsoft\WINDOWS NT\CURRENTVERSION\drivers.desc\iyuv_32.dll","NAME NOT FOUND","Length: 144"
"21:49:19.1286563","wmiprvse.exe","1908","RegQueryValue","HKLM\SOFTWARE\Microsoft\WINDOWS NT\CURRENTVERSION\drivers.desc\tsbyuv.dll","NAME NOT FOUND","Length: 144"
"21:49:39.1307595","wmiprvse.exe","1908","RegQueryValue","HKLM\SOFTWARE\Microsoft\WINDOWS NT\CURRENTVERSION\drivers.desc\msrle32.dll","NAME NOT FOUND","Length: 144"
"21:49:39.1308007","wmiprvse.exe","1908","RegQueryValue","HKLM\SOFTWARE\Microsoft\WINDOWS NT\CURRENTVERSION\drivers.desc\msvidc32.dll","NAME NOT FOUND","Length: 144"
"21:49:39.1315900","wmiprvse.exe","1908","RegQueryValue","HKLM\SOFTWARE\Microsoft\WINDOWS NT\CURRENTVERSION\drivers.desc\msyuv.dll","NAME NOT FOUND","Length: 144"
"21:49:39.1316310","wmiprvse.exe","1908","RegQueryValue","HKLM\SOFTWARE\Microsoft\WINDOWS NT\CURRENTVERSION\drivers.desc\iyuv_32.dll","NAME NOT FOUND","Length: 144"
"21:49:39.1316622","wmiprvse.exe","1908","RegQueryValue","HKLM\SOFTWARE\Microsoft\WINDOWS NT\CURRENTVERSION\drivers.desc\tsbyuv.dll","NAME NOT FOUND","Length: 144"
"21:49:59.1423655","wmiprvse.exe","1908","RegQueryValue","HKLM\SOFTWARE\Microsoft\WINDOWS NT\CURRENTVERSION\drivers.desc\msrle32.dll","NAME NOT FOUND","Length: 144"
"21:49:59.1423862","wmiprvse.exe","1908","RegQueryValue","HKLM\SOFTWARE\Microsoft\WINDOWS NT\CURRENTVERSION\drivers.desc\msvidc32.dll","NAME NOT FOUND","Length: 144"
"21:49:59.1425252","wmiprvse.exe","1908","RegQueryValue","HKLM\SOFTWARE\Microsoft\WINDOWS NT\CURRENTVERSION\drivers.desc\msyuv.dll","NAME NOT FOUND","Length: 144"
"21:49:59.1425842","wmiprvse.exe","1908","RegQueryValue","HKLM\SOFTWARE\Microsoft\WINDOWS NT\CURRENTVERSION\drivers.desc\iyuv_32.dll","NAME NOT FOUND","Length: 144"
"21:49:59.1426113","wmiprvse.exe","1908","RegQueryValue","HKLM\SOFTWARE\Microsoft\WINDOWS NT\CURRENTVERSION\drivers.desc\tsbyuv.dll","NAME NOT FOUND","Length: 144"
"21:50:19.1475673","wmiprvse.exe","1908","RegQueryValue","HKLM\SOFTWARE\Microsoft\WINDOWS NT\CURRENTVERSION\drivers.desc\msrle32.dll","NAME NOT FOUND","Length: 144"
"21:50:19.1475934","wmiprvse.exe","1908","RegQueryValue","HKLM\SOFTWARE\Microsoft\WINDOWS NT\CURRENTVERSION\drivers.desc\msvidc32.dll","NAME NOT FOUND","Length: 144"
"21:50:19.1479325","wmiprvse.exe","1908","RegQueryValue","HKLM\SOFTWARE\Microsoft\WINDOWS NT\CURRENTVERSION\drivers.desc\msyuv.dll","NAME NOT FOUND","Length: 144"
"21:50:19.1479667","wmiprvse.exe","1908","RegQueryValue","HKLM\SOFTWARE\Microsoft\WINDOWS NT\CURRENTVERSION\drivers.desc\iyuv_32.dll","NAME NOT FOUND","Length: 144"
"21:50:19.1479924","wmiprvse.exe","1908","RegQueryValue","HKLM\SOFTWARE\Microsoft\WINDOWS NT\CURRENTVERSION\drivers.desc\tsbyuv.dll","NAME NOT FOUND","Length: 144"
